Autobiography => nonf_biography
Christianity => religion_christianity
adventure1335 => adventure
aphorism_quote => aphorisms
architecture => architecture_book
art => design
art_instr => design
artists => design
biogr_arts => nonf_biography
biogr_ethnic => nonf_biography
biogr_family => nonf_biography
biogr_historical => nonf_biography
biogr_leaders => nonf_biography
biogr_professionals => nonf_biography
biogr_sports => nonf_biography
biogr_travel => nonf_biography
biography => nonf_biography
biz_accounting => accounting
biz_beogr => nonf_biography
biz_careers => sci_business
biz_economics => sci_business
biz_finance => sci_business
biz_international => global_economy
biz_investing => stock
biz_life => sci_business
biz_management => management
biz_personal_fin => personal_finance
biz_professions => sci_business
biz_ref => sci_business
biz_sales => sci_business
biz_small_biz => small_business
business => sci_business
business_management => management
child_3 => child_tale
child_4 => child_prose
child_9 => child_prose
child_animals => adv_animal
child_art => children
child_characters => child_prose
child_computers => computers
child_edu => child_education
child_history => child_prose
child_nature => child_education
child_obsessions => children
child_people => children
child_ref => children
child_religion => religion_rel
child_series => children
child_sports => children
chris_bibles => religion_rel
chris_catholicism => religion_rel
chris_devotion => religion_rel
chris_edu => religion_rel
chris_evangelism => religion_rel
chris_fiction => religion_rel
chris_history => religion_rel
chris_holidays => child_prose
chris_jesus => religion_rel
chris_living => religion_rel
chris_mormonism => religion_rel
chris_nlergy => religion_rel
chris_orthodoxy => religion_rel
chris_pravoslavie => religion_rel
chris_protestantism => religion_rel
chris_ref => religion_rel
chris_theology => religion_rel
cinema_theatre => cinema
city_fantasy => sf_fantasy_city
classic_fiction_pre_c_1945 => prose_classic
comp_biz => computers
comp_cert => computers
comp_db => comp_db
comp_games => computers
comp_graph => computers
comp_hardware => comp_hard
comp_microsoft => computers
comp_networking => comp_osnet
comp_office => computers
comp_os => comp_osnet
comp_programming => comp_programming
comp_sci => computers
comp_software => comp_soft
comp_www => comp_www
compusers => computers
cook_appliances => home_cooking
cook_art => home_cooking
cook_baking => home_cooking
cook_can => home_cooking
cook_diet => home_cooking
cook_drink => home_cooking
cook_gastronomy => home_cooking
cook_meals => home_cooking
cook_natural => home_cooking
cook_outdoor => home_cooking
cook_pro => home_cooking
cook_quick => home_cooking
cook_ref => home_cooking
cook_regional => home_cooking
cook_spec => home_cooking
cook_veget => home_cooking
cooking => home_cooking
dragon_fantasy => sf_fantasy
economics1935 => economics
economics_finance_business_man => economics
economics_ref => ref_ref
entert_comics => comics
entert_games => home_entertain
entert_humor => home_entertain
entert_movies => cine
entert_music => music
entert_radio => home_entertain
entert_tv => home_entertain
entertainment => home_entertain
erotic_fiction => love_erotic
family => home
family_activities => home
family_adoption => home
family_aging_parents => home
family_edu => home
family_fertility => home_health
family_health => home_health
family_humor => humor
family_lit_guide => home
family_parenting => home_health
family_pregnancy => home_health
family_ref => reference
family_relations => home
family_special_needs => home_health
fantasy => sf_fantasy
fantasy_alt_hist => sf_history
fantasy_fight => sf_fantasy
fashion => design
finance_accounting => accounting
food => home_cooking
gaming => prose_game
gay_biogr => nonf_biography
gay_mystery => sf_horror
gay_nonfiction => nonfiction
gay_parenting => home
gay_travel => adv_geo
geography_book => sci_geo
graph_design => design
graphic_novels => comics
health => home_health
health_aging => sci_medicine
health_alt_medicine => sci_medicine
health_beauty => home_health
health_cancer => sci_medicine
health_death => home_health
health_dideases => home_health
health_diets => home_health
health_first_aid => home_health
health_fitness => home_health
health_men => home_health
health_mental => sci_psychology
health_nutrition => home_health
health_personal => home_health
health_psy => sci_psychology
health_recovery => home_health
health_ref => home_health
health_rel => home_health
health_self_help => home_health
health_sex => home_sex
health_women => home_health
histor_military => sci_history
historical_fiction => prose_history
history_africa => sci_history
history_america => sci_history
history_ancient => sci_history
history_asia => sci_history
history_australia => sci_history
history_europe => sci_history
history_gay => sci_history
history_jewish => sci_history
history_middle_east => sci_history
history_military_science => sci_history
history_russia => sci_history
history_study => sci_history
history_usa => sci_history
history_world => sci_history
home_collect => home_crafts
home_cottage => home
home_crafts => home_crafts
home_design => home_diy
home_entertain => home_entertain
home_expert => home_diy
home_garden => home_garden
home_howto => home_diy
home_interior_design => home_diy
home_pets => home_pets
home_weddings => home
horror => sf_horror
horror_antology => sf_horror
horror_british => sf_horror
horror_erotic => sf_horror
horror_fantasy => sf_horror
horror_ghost_stories => sf_mystic
horror_ghosts => sf_horror
horror_graphic => sf_horror
horror_occult => sf_horror
horror_ref => sf_horror
horror_usa => sf_horror
horror_vampires => sf_horror
industry_industrial_studies => industries
literature => prose_classic
literature_18 => prose_classic
literature_19 => prose_classic
literature_20 => prose_contemporary
literature_adv => adventure
literature_antology => prose_classic
literature_books => prose_classic
literature_british => prose_classic
literature_classics => prose_classic
literature_critic => prose_history
literature_drama => prose_classic
literature_erotica => love_erotica
literature_essay => prose_classic
literature_fairy => child_tale
literature_gay => prose_counter
literature_history => prose_history
literature_letters => nonf_biography
literature_men_advent => adventure
literature_poetry => poetry
literature_political => prose_contemporary
literature_religion => religion_rel
literature_rus_classsic => prose_rus_classic
literature_saga => prose_classic
literature_sea => adv_maritime
literature_short => prose_classic
literature_sports => home_sport
literature_su_classics => prose_su_classics
literature_usa => prose_classic
literature_war => prose_contemporary
literature_western => adv_western
literature_women => love_contemporary
literature_world => prose_classic
love_fantasy => love_sf
magician_book => sf_fantasy
modern_contemporary_fiction_po => prose_contemporary
music_dancing => music
mystery => det_history
myth_legend_told_as_fiction => antique_myths
nonfiction_antropology => sci_history
nonfiction_avto => nonfiction
nonfiction_crime => nonfiction
nonfiction_demography => nonfiction
nonfiction_edu => science
nonfiction_emigration => nonfiction
nonfiction_ethnology => science
nonfiction_events => nonfiction
nonfiction_folklor => antique_myths
nonfiction_gender => science
nonfiction_gerontology => science
nonfiction_gov => science
nonfiction_holidays => science
nonfiction_hum_geogr => science
nonfiction_law => sci_juris
nonfiction_methodology => science
nonfiction_philantropy => nonfiction
nonfiction_philosophy => sci_philosophy
nonfiction_politics => nonfiction
nonfiction_pop_culture => nonfiction
nonfiction_pornography => home_sex
nonfiction_racism => nonfiction
nonfiction_ref => reference
nonfiction_research => science
nonfiction_social_sci => science
nonfiction_social_work => science
nonfiction_sociology => science
nonfiction_spec_group => science
nonfiction_stat => science
nonfiction_traditions => nonfiction
nonfiction_transportation => nonfiction
nonfiction_true_accounts => nonfiction
nonfiction_urban => nonfiction
nonfiction_women => nonfiction
outdoors_birdwatching => sci_biology
outdoors_conservation => nonfiction
outdoors_ecology => sci_biology
outdoors_ecosystems => sci_biology
outdoors_env => sci_biology
outdoors_fauna => sci_biology
outdoors_field_guides => ref_guide
outdoors_flora => sci_biology
outdoors_hiking => home_crafts
outdoors_hunt_fish => home_crafts
outdoors_nature_writing => sci_biology
outdoors_outdoor_recreation => home_sport
outdoors_ref => sci_biology
outdoors_resources => science
outdoors_survive => home_sport
outdoors_travel => adv_geo
pedagogy_book => sci_pedagogy
people => nonf_biography
performance => dramaturgy
photography => design
professional_edu => science
professional_enginering => sci_tech
professional_finance => sci_business
professional_law => sci_juris
professional_management => sci_business
professional_medical => sci_medicine
professional_sci => sci_tech
psy_classic => sci_psychology
psy_generic => sci_psychology
psy_personal => religion_self
psy_social => sci_psychology
ref_almanacs => ref_ref
ref_books => reference
ref_careers => ref_ref
ref_catalogs => ref_ref
ref_cons_guides => ref_ref
ref_dict => ref_ref
ref_edu => sci_business
ref_encyclopedia => ref_encyc
ref_etiquette => reference
ref_fun => reference
ref_genealogy => sci_history
ref_langs => reference
ref_quotations => reference
ref_study_guides => ref_ref
ref_words => reference
ref_writing => prose_contemporary
references => reference
religion => religion_rel
religion_bibles => religion_christianity
religion_buddhism => religion_budda
religion_earth => religion
religion_east => religion_self
religion_fiction => religion_rel
religion_new_age => religion_rel
religion_occult => religion_esoterics
religion_other => religion
religion_religious_studies => religion_rel
religion_spirituality => religion_esoterics
romance => love_history
romance_anthologies => prose_classic
romance_contemporary => prose_contemporary
romance_fantasy => sf_fantasy
romance_historical => prose_history
romance_multicultural => prose_contemporary
romance_regency => prose_classic
romance_religion => religion_rel
romance_romantic_suspense => love_contemporary
romance_series => prose_contemporary
romance_sf => sf
romance_time_travel => sf
russian_contemporary => prose_contemporary
russian_fantasy => sf_fantasy
science => science
science_agri => science
science_archaeology => sci_history
science_astronomy => science
science_behavioralsciences => sci_psychology
science_biolog => sci_biology
science_chemistry => sci_chem
science_earth => science
science_eco => science
science_edu => science
science_evolution => science
science_fiction => sf
science_history_philosophy => sci_history
science_math => sci_math
science_measurement => science
science_medicine => sci_medicine
science_physics => sci_phys
science_psy => sci_psychology
science_ref => science
science_technology => sci_tech
sf_cyber_punk => sf_cyberpunk
sf_writing => sf
sociology_book => sci_social_studies
sport => home_sport
teens_beogr => nonf_biography
teens_health => home_sport
teens_history => adv_history
teens_horror => sf_horror
teens_literature => prose_classic
teens_mysteries => detective
teens_ref => reference
teens_religion => religion_rel
teens_school_sports => home
teens_series => child_adv
teens_sf => sf
teens_social => sci_psychology
teens_tech => science
thriller => thriller
thriller_mystery => detective
thriller_police => det_police
travel => adv_geo
travel_africa => adv_geo
travel_asia => adv_geo
travel_australia => adv_geo
travel_canada => adv_geo
travel_caribbean => adv_geo
travel_europe => adv_geo
travel_ex_ussr => adv_geo
travel_guidebook_series => adv_geo
travel_lat_am => adv_geo
travel_middle_east => adv_geo
travel_polar => adv_geo
travel_rus => adv_geo
travel_spec => adv_geo
travel_usa => adv_geo
umor_fantasy => sf_humor
upbringing_book => sci_pedagogy
vampire_book => sf_mystic
women_child => home
women_divorce => home
women_domestic => home
women_single => home
